id,fecha,hora,cantidad_art,nombre_art,presentacion,precio,total_venta
1,2023-02-01,15:20:00,5,"HARINA INTEGRAL","1 kg",2200.00,11000.00
2,2023-02-01,19:42:00,4,NUECES,"500 g",300.00,1200.00
3,2023-02-01,17:25:00,1,"ALMOHADITAS FRUTILLA","250 g",400.00,400.00
4,2023-02-02,15:47:00,1,"PIMENTON DULCE","250 g",120.00,120.00
5,2023-02-02,10:55:00,5,NUECES,"300 g",300.00,1500.00
6,2023-02-02,15:06:00,1,LENTEJAS,"1 kg",300.00,300.00
7,2023-02-03,17:28:00,4,QUINOA,"500 g",600.00,2400.00
8,2023-02-03,09:45:00,1,LENTEJAS,"250 g",300.00,300.00
9,2023-02-03,20:36:00,2,NUECES,"300 g",300.00,600.00
10,2023-02-04,16:58:00,2,"ALMOHADITAS FRUTILLA","250 g",400.00,800.00
11,2023-02-04,12:18:00,3,"ALMOHADITAS FRUTILLA","250 g",400.00,1200.00
12,2023-02-04,14:52:00,3,"ALMOHADITAS FRUTILLA","300 g",400.00,1200.00
13,2023-02-05,16:50:00,3,NUECES,"500 g",300.00,900.00
14,2023-02-05,15:29:00,1,"ALMOHADITAS FRUTILLA","300 g",400.00,400.00
15,2023-02-05,16:53:00,3,"PIMENTON DULCE","500 g",120.00,360.00
16,2023-02-06,17:14:00,1,NUECES,"500 g",300.00,300.00
17,2023-02-06,08:33:00,5,"HARINA INTEGRAL","1 kg",2200.00,11000.00
18,2023-02-06,14:24:00,3,"PIMENTON DULCE","500 g",120.00,360.00
19,2023-02-07,13:15:00,5,"PIMENTON DULCE","500 g",120.00,600.00
20,2023-02-07,15:52:00,5,"ALMOHADITAS FRUTILLA","250 g",400.00,2000.00
21,2023-02-07,17:40:00,5,"HARINA INTEGRAL","1 kg",2200.00,11000.00
22,2023-02-08,18:09:00,3,QUINOA,"500 g",600.00,1800.00
23,2023-02-08,16:14:00,5,"HARINA INTEGRAL","1 kg",2200.00,11000.00
24,2023-02-08,13:30:00,4,NUECES,"250 g",300.00,1200.00
25,2023-02-09,09:15:00,4,"ALMOHADITAS FRUTILLA","300 g",400.00,1600.00
26,2023-02-09,12:26:00,1,QUINOA,"1 kg",600.00,600.00
27,2023-02-09,17:17:00,1,QUINOA,"500 g",600.00,600.00
28,2023-02-10,18:06:00,5,LENTEJAS,"250 g",300.00,1500.00
29,2023-02-10,16:59:00,5,QUINOA,"1 kg",600.00,3000.00
30,2023-02-10,18:51:00,1,QUINOA,"1 kg",600.00,600.00
31,2023-02-11,11:49:00,1,QUINOA,"1 kg",600.00,600.00
32,2023-02-11,17:25:00,1,LENTEJAS,"250 g",300.00,300.00
33,2023-02-11,14:56:00,1,"HARINA INTEGRAL","1 kg",2200.00,2200.00
34,2023-02-12,16:14:00,4,QUINOA,"500 g",600.00,2400.00
35,2023-02-12,19:25:00,3,"PIMENTON DULCE","500 g",120.00,360.00
36,2023-02-12,19:26:00,5,QUINOA,"1 kg",600.00,3000.00
37,2023-02-13,18:50:00,5,QUINOA,"1 kg",600.00,3000.00
38,2023-02-13,20:34:00,2,LENTEJAS,"1 kg",300.00,600.00
39,2023-02-13,08:01:00,4,"PIMENTON DULCE","500 g",120.00,480.00
40,2023-02-14,09:28:00,2,"HARINA INTEGRAL","1 kg",2200.00,4400.00
41,2023-02-14,19:55:00,3,NUECES,"500 g",300.00,900.00
42,2023-02-14,11:15:00,3,LENTEJAS,"1 kg",300.00,900.00
43,2023-02-15,10:20:00,2,"PIMENTON DULCE","500 g",120.00,240.00
44,2023-02-15,12:00:00,3,QUINOA,"1 kg",600.00,1800.00
45,2023-02-15,16:02:00,2,"ALMOHADITAS FRUTILLA","250 g",400.00,800.00
46,2023-02-16,13:40:00,5,"ALMOHADITAS FRUTILLA","300 g",400.00,2000.00
47,2023-02-16,12:00:00,3,"HARINA INTEGRAL","1 kg",2200.00,6600.00
48,2023-02-16,12:58:00,5,"PIMENTON DULCE","500 g",120.00,600.00
49,2023-02-17,19:37:00,1,LENTEJAS,"1 kg",300.00,300.00
50,2023-02-17,12:13:00,3,NUECES,"300 g",300.00,900.00
51,2023-02-17,12:59:00,5,LENTEJAS,"1 kg",300.00,1500.00
52,2023-02-18,19:10:00,4,"HARINA INTEGRAL","500 g",2200.00,8800.00
53,2023-02-18,15:42:00,5,QUINOA,"500 g",600.00,3000.00
54,2023-02-18,18:31:00,1,"HARINA INTEGRAL","500 g",2200.00,2200.00
55,2023-02-19,18:03:00,3,NUECES,"300 g",300.00,900.00
56,2023-02-19,20:24:00,1,"ALMOHADITAS FRUTILLA","300 g",400.00,400.00
57,2023-02-19,16:01:00,2,"HARINA INTEGRAL","1 kg",2200.00,4400.00
58,2023-02-20,17:13:00,5,"ALMOHADITAS FRUTILLA","300 g",400.00,2000.00
59,2023-02-20,10:40:00,2,"ALMOHADITAS FRUTILLA","300 g",400.00,800.00
60,2023-02-20,14:15:00,3,"PIMENTON DULCE","250 g",120.00,360.00
61,2023-02-21,19:09:00,2,QUINOA,"500 g",600.00,1200.00
62,2023-02-21,11:31:00,4,"ALMOHADITAS FRUTILLA","300 g",400.00,1600.00
63,2023-02-21,14:50:00,3,"PIMENTON DULCE","500 g",120.00,360.00
64,2023-02-22,20:21:00,3,"PIMENTON DULCE","250 g",120.00,360.00
65,2023-02-22,13:40:00,4,QUINOA,"1 kg",600.00,2400.00
66,2023-02-22,08:42:00,3,LENTEJAS,"250 g",300.00,900.00
67,2023-02-23,11:49:00,3,"PIMENTON DULCE","500 g",120.00,360.00
68,2023-02-23,12:45:00,5,QUINOA,"500 g",600.00,3000.00
69,2023-02-23,13:30:00,3,"ALMOHADITAS FRUTILLA","250 g",400.00,1200.00
70,2023-02-24,10:27:00,3,NUECES,"500 g",300.00,900.00
71,2023-02-24,12:39:00,4,NUECES,"500 g",300.00,1200.00
72,2023-02-24,20:03:00,3,NUECES,"300 g",300.00,900.00
73,2023-02-25,15:53:00,1,"PIMENTON DULCE","250 g",120.00,120.00
74,2023-02-25,17:38:00,5,"PIMENTON DULCE","250 g",120.00,600.00
75,2023-02-25,12:11:00,3,LENTEJAS,"1 kg",300.00,900.00
76,2023-02-26,19:37:00,5,QUINOA,"500 g",600.00,3000.00
77,2023-02-26,11:13:00,2,QUINOA,"1 kg",600.00,1200.00
78,2023-02-26,19:08:00,4,QUINOA,"1 kg",600.00,2400.00
79,2023-02-27,10:35:00,5,"HARINA INTEGRAL","1 kg",2200.00,11000.00
80,2023-02-27,14:09:00,5,QUINOA,"500 g",600.00,3000.00
81,2023-02-27,14:37:00,1,QUINOA,"500 g",600.00,600.00
82,2023-02-28,16:39:00,3,NUECES,"500 g",300.00,900.00
83,2023-02-28,15:51:00,3,NUECES,"300 g",300.00,900.00
84,2023-02-28,19:15:00,2,NUECES,"250 g",300.00,600.00
85,2023-03-01,16:02:00,5,"PIMENTON DULCE","500 g",120.00,600.00
86,2023-03-01,08:57:00,1,"ALMOHADITAS FRUTILLA","250 g",400.00,400.00
87,2023-03-01,12:35:00,1,"ALMOHADITAS FRUTILLA","300 g",400.00,400.00
88,2023-03-02,19:18:00,2,QUINOA,"1 kg",600.00,1200.00
89,2023-03-02,10:24:00,3,NUECES,"500 g",300.00,900.00
90,2023-03-02,16:16:00,3,QUINOA,"1 kg",600.00,1800.00
91,2023-03-03,10:31:00,1,NUECES,"250 g",300.00,300.00
92,2023-03-03,12:40:00,4,QUINOA,"1 kg",600.00,2400.00
93,2023-03-03,16:01:00,1,"ALMOHADITAS FRUTILLA","250 g",400.00,400.00
94,2023-03-04,19:27:00,5,"ALMOHADITAS FRUTILLA","300 g",400.00,2000.00
95,2023-03-04,11:43:00,2,"PIMENTON DULCE","250 g",120.00,240.00
96,2023-03-04,08:54:00,1,QUINOA,"500 g",600.00,600.00
97,2023-03-05,14:03:00,4,"HARINA INTEGRAL","500 g",2200.00,8800.00
98,2023-03-05,16:22:00,3,"HARINA INTEGRAL","1 kg",2200.00,6600.00
99,2023-03-05,17:41:00,3,"HARINA INTEGRAL","500 g",2200.00,6600.00
100,2023-03-06,17:01:00,2,"HARINA INTEGRAL","500 g",2200.00,4400.00
101,2023-03-06,10:00:00,5,NUECES,"500 g",300.00,1500.00
102,2023-03-06,20:36:00,3,"HARINA INTEGRAL","500 g",2200.00,6600.00
103,2023-03-07,18:14:00,1,QUINOA,"1 kg",600.00,600.00
104,2023-03-07,12:21:00,5,"PIMENTON DULCE","250 g",120.00,600.00
105,2023-03-07,14:38:00,1,"ALMOHADITAS FRUTILLA","300 g",400.00,400.00
106,2023-03-08,15:13:00,1,"ALMOHADITAS FRUTILLA","300 g",400.00,400.00
107,2023-03-08,20:08:00,3,"ALMOHADITAS FRUTILLA","250 g",400.00,1200.00
108,2023-03-08,15:52:00,2,"HARINA INTEGRAL","1 kg",2200.00,4400.00
109,2023-03-09,20:04:00,2,LENTEJAS,"250 g",300.00,600.00
110,2023-03-09,09:25:00,1,"PIMENTON DULCE","500 g",120.00,120.00
111,2023-03-09,16:05:00,3,"PIMENTON DULCE","250 g",120.00,360.00
112,2023-03-10,08:31:00,5,"PIMENTON DULCE","250 g",120.00,600.00
113,2023-03-10,17:57:00,1,"ALMOHADITAS FRUTILLA","300 g",400.00,400.00
114,2023-03-10,15:08:00,2,LENTEJAS,"1 kg",300.00,600.00
115,2023-03-11,13:49:00,3,NUECES,"300 g",300.00,900.00
116,2023-03-11,16:57:00,2,"HARINA INTEGRAL","500 g",2200.00,4400.00
117,2023-03-11,19:04:00,3,"ALMOHADITAS FRUTILLA","250 g",400.00,1200.00
118,2023-03-12,09:08:00,2,"PIMENTON DULCE","500 g",120.00,240.00
119,2023-03-12,12:01:00,5,LENTEJAS,"1 kg",300.00,1500.00
120,2023-03-12,09:54:00,1,"ALMOHADITAS FRUTILLA","250 g",400.00,400.00
121,2023-03-13,09:44:00,5,QUINOA,"500 g",600.00,3000.00
122,2023-03-13,14:43:00,1,"ALMOHADITAS FRUTILLA","250 g",400.00,400.00
123,2023-03-13,12:45:00,2,LENTEJAS,"250 g",300.00,600.00
124,2023-03-14,13:41:00,2,"HARINA INTEGRAL","500 g",2200.00,4400.00
125,2023-03-14,09:32:00,4,QUINOA,"500 g",600.00,2400.00
126,2023-03-14,08:06:00,3,LENTEJAS,"250 g",300.00,900.00
127,2023-03-15,08:59:00,4,"HARINA INTEGRAL","1 kg",2200.00,8800.00
128,2023-03-15,15:14:00,3,"PIMENTON DULCE","250 g",120.00,360.00
129,2023-03-15,17:59:00,5,QUINOA,"1 kg",600.00,3000.00
130,2023-03-16,20:42:00,4,"HARINA INTEGRAL","1 kg",2200.00,8800.00
131,2023-03-16,08:51:00,1,NUECES,"300 g",300.00,300.00
132,2023-03-16,15:55:00,4,"ALMOHADITAS FRUTILLA","300 g",400.00,1600.00
133,2023-03-17,08:59:00,5,NUECES,"500 g",300.00,1500.00
134,2023-03-17,15:26:00,2,"PIMENTON DULCE","500 g",120.00,240.00
135,2023-03-17,18:59:00,3,LENTEJAS,"1 kg",300.00,900.00
136,2023-03-18,17:43:00,1,"PIMENTON DULCE","250 g",120.00,120.00
137,2023-03-18,16:04:00,2,QUINOA,"1 kg",600.00,1200.00
138,2023-03-18,18:42:00,2,"HARINA INTEGRAL","1 kg",2200.00,4400.00
139,2023-03-19,10:12:00,5,"HARINA INTEGRAL","500 g",2200.00,11000.00
140,2023-03-19,18:44:00,2,LENTEJAS,"250 g",300.00,600.00
141,2023-03-19,20:46:00,2,LENTEJAS,"1 kg",300.00,600.00
142,2023-03-20,14:10:00,5,"PIMENTON DULCE","250 g",120.00,600.00
143,2023-03-20,13:00:00,1,LENTEJAS,"250 g",300.00,300.00
144,2023-03-20,10:17:00,1,NUECES,"250 g",300.00,300.00
145,2023-03-21,20:02:00,4,LENTEJAS,"1 kg",300.00,1200.00
146,2023-03-21,13:29:00,2,LENTEJAS,"250 g",300.00,600.00
147,2023-03-21,08:55:00,5,"PIMENTON DULCE","500 g",120.00,600.00
148,2023-03-22,08:43:00,4,LENTEJAS,"250 g",300.00,1200.00
149,2023-03-22,09:52:00,4,LENTEJAS,"250 g",300.00,1200.00
150,2023-03-22,15:54:00,3,NUECES,"500 g",300.00,900.00
151,2023-03-23,13:10:00,3,LENTEJAS,"250 g",300.00,900.00
152,2023-03-23,14:11:00,2,"HARINA INTEGRAL","1 kg",2200.00,4400.00
153,2023-03-23,12:25:00,2,"HARINA INTEGRAL","1 kg",2200.00,4400.00
154,2023-03-24,10:38:00,5,NUECES,"250 g",300.00,1500.00
155,2023-03-24,09:56:00,1,NUECES,"300 g",300.00,300.00
156,2023-03-24,16:15:00,3,LENTEJAS,"250 g",300.00,900.00
157,2023-03-25,09:25:00,2,NUECES,"500 g",300.00,600.00
158,2023-03-25,13:44:00,2,"ALMOHADITAS FRUTILLA","300 g",400.00,800.00
159,2023-03-25,17:58:00,3,QUINOA,"500 g",600.00,1800.00
160,2023-03-26,18:37:00,2,"ALMOHADITAS FRUTILLA","250 g",400.00,800.00
161,2023-03-26,19:13:00,3,QUINOA,"1 kg",600.00,1800.00
162,2023-03-26,11:22:00,1,"HARINA INTEGRAL","500 g",2200.00,2200.00
163,2023-03-27,20:58:00,3,"ALMOHADITAS FRUTILLA","300 g",400.00,1200.00
164,2023-03-27,08:45:00,3,"ALMOHADITAS FRUTILLA","300 g",400.00,1200.00
165,2023-03-27,13:42:00,3,LENTEJAS,"250 g",300.00,900.00
166,2023-03-28,18:44:00,2,QUINOA,"1 kg",600.00,1200.00
167,2023-03-28,15:11:00,4,LENTEJAS,"1 kg",300.00,1200.00
168,2023-03-28,10:54:00,1,QUINOA,"1 kg",600.00,600.00
169,2023-03-29,12:09:00,5,QUINOA,"1 kg",600.00,3000.00
170,2023-03-29,14:29:00,1,"PIMENTON DULCE","500 g",120.00,120.00
171,2023-03-29,20:22:00,5,QUINOA,"1 kg",600.00,3000.00
172,2023-03-30,13:39:00,5,"ALMOHADITAS FRUTILLA","300 g",400.00,2000.00
173,2023-03-30,11:59:00,2,NUECES,"500 g",300.00,600.00
174,2023-03-30,14:15:00,2,"PIMENTON DULCE","500 g",120.00,240.00
175,2023-03-31,14:05:00,2,"ALMOHADITAS FRUTILLA","300 g",400.00,800.00
176,2023-03-31,18:43:00,2,"HARINA INTEGRAL","500 g",2200.00,4400.00
177,2023-03-31,10:05:00,5,LENTEJAS,"250 g",300.00,1500.00
178,2023-04-01,11:16:00,5,LENTEJAS,"250 g",300.00,1500.00
179,2023-04-01,13:37:00,4,"HARINA INTEGRAL","500 g",2200.00,8800.00
180,2023-04-01,10:29:00,5,"PIMENTON DULCE","500 g",120.00,600.00
181,2023-04-02,15:22:00,3,"ALMOHADITAS FRUTILLA","250 g",400.00,1200.00
182,2023-04-02,08:44:00,4,"HARINA INTEGRAL","1 kg",2200.00,8800.00
183,2023-04-02,10:00:00,3,"PIMENTON DULCE","250 g",120.00,360.00
184,2023-04-03,10:37:00,1,"HARINA INTEGRAL","1 kg",2200.00,2200.00
185,2023-04-03,16:36:00,4,QUINOA,"500 g",600.00,2400.00
186,2023-04-03,11:03:00,4,"ALMOHADITAS FRUTILLA","250 g",400.00,1600.00
187,2023-04-04,08:22:00,1,LENTEJAS,"1 kg",300.00,300.00
188,2023-04-04,14:25:00,5,LENTEJAS,"1 kg",300.00,1500.00
189,2023-04-04,16:45:00,1,"PIMENTON DULCE","250 g",120.00,120.00
190,2023-04-05,15:01:00,2,QUINOA,"500 g",600.00,1200.00
191,2023-04-05,10:42:00,3,"HARINA INTEGRAL","1 kg",2200.00,6600.00
192,2023-04-05,19:32:00,4,"HARINA INTEGRAL","1 kg",2200.00,8800.00
193,2023-04-06,12:14:00,3,"HARINA INTEGRAL","500 g",2200.00,6600.00
194,2023-04-06,19:52:00,5,"HARINA INTEGRAL","1 kg",2200.00,11000.00
195,2023-04-06,17:41:00,5,NUECES,"300 g",300.00,1500.00
196,2023-04-07,16:07:00,4,QUINOA,"500 g",600.00,2400.00
197,2023-04-07,20:16:00,2,"PIMENTON DULCE","500 g",120.00,240.00
198,2023-04-07,08:52:00,3,"PIMENTON DULCE","500 g",120.00,360.00
199,2023-04-08,14:36:00,5,"HARINA INTEGRAL","1 kg",2200.00,11000.00
200,2023-04-08,19:28:00,5,QUINOA,"500 g",600.00,3000.00
201,2023-04-08,08:39:00,1,LENTEJAS,"250 g",300.00,300.00
202,2023-04-09,12:50:00,1,QUINOA,"1 kg",600.00,600.00
203,2023-04-09,17:02:00,1,"ALMOHADITAS FRUTILLA","250 g",400.00,400.00
204,2023-04-09,18:41:00,5,LENTEJAS,"250 g",300.00,1500.00
205,2023-04-10,12:03:00,3,"PIMENTON DULCE","500 g",120.00,360.00
206,2023-04-10,17:24:00,4,"HARINA INTEGRAL","500 g",2200.00,8800.00
207,2023-04-10,20:53:00,3,"ALMOHADITAS FRUTILLA","250 g",400.00,1200.00
208,2023-04-11,20:07:00,2,"ALMOHADITAS FRUTILLA","300 g",400.00,800.00
209,2023-04-11,12:50:00,2,NUECES,"250 g",300.00,600.00
210,2023-04-11,16:05:00,2,"PIMENTON DULCE","250 g",120.00,240.00
211,2023-04-12,14:53:00,3,NUECES,"300 g",300.00,900.00
212,2023-04-12,13:32:00,5,LENTEJAS,"1 kg",300.00,1500.00
213,2023-04-12,14:29:00,5,NUECES,"300 g",300.00,1500.00
214,2023-04-13,17:15:00,3,LENTEJAS,"250 g",300.00,900.00
215,2023-04-13,15:57:00,4,"HARINA INTEGRAL","1 kg",2200.00,8800.00
216,2023-04-13,19:46:00,4,"HARINA INTEGRAL","500 g",2200.00,8800.00
217,2023-04-14,18:33:00,3,QUINOA,"500 g",600.00,1800.00
218,2023-04-14,15:05:00,4,"ALMOHADITAS FRUTILLA","300 g",400.00,1600.00
219,2023-04-14,10:38:00,2,"ALMOHADITAS FRUTILLA","300 g",400.00,800.00
220,2023-04-15,15:47:00,5,QUINOA,"500 g",600.00,3000.00
221,2023-04-15,12:46:00,1,LENTEJAS,"1 kg",300.00,300.00
222,2023-04-15,12:33:00,1,"ALMOHADITAS FRUTILLA","250 g",400.00,400.00
223,2023-04-16,19:12:00,4,"PIMENTON DULCE","250 g",120.00,480.00
224,2023-04-16,14:48:00,2,NUECES,"300 g",300.00,600.00
225,2023-04-16,09:40:00,3,NUECES,"500 g",300.00,900.00
226,2023-04-17,15:00:00,2,"ALMOHADITAS FRUTILLA","300 g",400.00,800.00
227,2023-04-17,10:05:00,3,LENTEJAS,"250 g",300.00,900.00
228,2023-04-17,10:46:00,2,NUECES,"300 g",300.00,600.00
229,2023-04-18,09:35:00,5,LENTEJAS,"250 g",300.00,1500.00
230,2023-04-18,13:06:00,3,NUECES,"500 g",300.00,900.00
231,2023-04-18,14:19:00,3,NUECES,"500 g",300.00,900.00
232,2023-04-19,14:10:00,1,LENTEJAS,"1 kg",300.00,300.00
233,2023-04-19,09:06:00,2,"ALMOHADITAS FRUTILLA","250 g",400.00,800.00
234,2023-04-19,17:56:00,5,QUINOA,"1 kg",600.00,3000.00
235,2023-04-20,16:08:00,4,NUECES,"500 g",300.00,1200.00
236,2023-04-20,17:06:00,5,"PIMENTON DULCE","250 g",120.00,600.00
237,2023-04-20,09:58:00,3,"ALMOHADITAS FRUTILLA","250 g",400.00,1200.00
238,2023-04-21,14:40:00,1,"HARINA INTEGRAL","500 g",2200.00,2200.00
239,2023-04-21,20:57:00,5,LENTEJAS,"250 g",300.00,1500.00
240,2023-04-21,17:41:00,4,NUECES,"250 g",300.00,1200.00
241,2023-04-22,17:49:00,3,LENTEJAS,"250 g",300.00,900.00
242,2023-04-22,12:23:00,2,LENTEJAS,"250 g",300.00,600.00
243,2023-04-22,15:27:00,4,"HARINA INTEGRAL","1 kg",2200.00,8800.00
244,2023-04-23,08:53:00,5,QUINOA,"1 kg",600.00,3000.00
245,2023-04-23,10:47:00,3,"ALMOHADITAS FRUTILLA","250 g",400.00,1200.00
246,2023-04-23,19:03:00,5,LENTEJAS,"250 g",300.00,1500.00
247,2023-04-24,09:44:00,3,"PIMENTON DULCE","250 g",120.00,360.00
248,2023-04-24,19:35:00,3,"ALMOHADITAS FRUTILLA","250 g",400.00,1200.00
249,2023-04-24,16:19:00,5,"PIMENTON DULCE","500 g",120.00,600.00
250,2023-04-25,20:04:00,3,"HARINA INTEGRAL","500 g",2200.00,6600.00
251,2023-04-25,20:56:00,4,"ALMOHADITAS FRUTILLA","300 g",400.00,1600.00
252,2023-04-25,12:52:00,5,"HARINA INTEGRAL","500 g",2200.00,11000.00
253,2023-04-26,15:28:00,2,"ALMOHADITAS FRUTILLA","300 g",400.00,800.00
254,2023-04-26,13:10:00,3,QUINOA,"500 g",600.00,1800.00
255,2023-04-26,08:40:00,5,LENTEJAS,"250 g",300.00,1500.00
256,2023-04-27,11:22:00,1,QUINOA,"500 g",600.00,600.00
257,2023-04-27,10:39:00,2,LENTEJAS,"1 kg",300.00,600.00
258,2023-04-27,14:48:00,4,"PIMENTON DULCE","250 g",120.00,480.00
259,2023-04-28,13:59:00,4,"PIMENTON DULCE","500 g",120.00,480.00
260,2023-04-28,12:05:00,2,NUECES,"250 g",300.00,600.00
261,2023-04-28,14:54:00,1,"ALMOHADITAS FRUTILLA","300 g",400.00,400.00
262,2023-04-29,12:40:00,4,LENTEJAS,"250 g",300.00,1200.00
263,2023-04-29,20:31:00,3,NUECES,"500 g",300.00,900.00
264,2023-04-29,11:43:00,2,QUINOA,"500 g",600.00,1200.00
265,2023-04-30,15:05:00,4,NUECES,"250 g",300.00,1200.00
266,2023-04-30,20:40:00,3,LENTEJAS,"250 g",300.00,900.00
267,2023-04-30,11:12:00,1,NUECES,"300 g",300.00,300.00
268,2023-05-01,15:23:00,5,"PIMENTON DULCE","500 g",120.00,600.00
269,2023-05-01,17:26:00,5,"PIMENTON DULCE","250 g",120.00,600.00
270,2023-05-01,09:51:00,3,"HARINA INTEGRAL","1 kg",2200.00,6600.00
271,2023-05-02,08:11:00,1,QUINOA,"500 g",600.00,600.00
272,2023-05-02,16:38:00,3,"ALMOHADITAS FRUTILLA","250 g",400.00,1200.00
273,2023-05-02,17:35:00,1,"PIMENTON DULCE","500 g",120.00,120.00
274,2023-05-03,20:42:00,2,"ALMOHADITAS FRUTILLA","300 g",400.00,800.00
275,2023-05-03,18:04:00,4,QUINOA,"1 kg",600.00,2400.00
276,2023-05-03,18:24:00,3,"HARINA INTEGRAL","500 g",2200.00,6600.00
277,2023-05-04,15:43:00,3,"HARINA INTEGRAL","500 g",2200.00,6600.00
278,2023-05-04,11:42:00,3,NUECES,"300 g",300.00,900.00
279,2023-05-04,13:08:00,5,NUECES,"500 g",300.00,1500.00
280,2023-05-05,20:26:00,1,LENTEJAS,"250 g",300.00,300.00
281,2023-05-05,09:13:00,2,"ALMOHADITAS FRUTILLA","250 g",400.00,800.00
282,2023-05-05,10:54:00,5,"ALMOHADITAS FRUTILLA","250 g",400.00,2000.00
283,2023-05-06,20:04:00,5,"HARINA INTEGRAL","1 kg",2200.00,11000.00
284,2023-05-06,08:08:00,3,QUINOA,"1 kg",600.00,1800.00
285,2023-05-06,17:24:00,1,"HARINA INTEGRAL","1 kg",2200.00,2200.00
286,2023-05-07,20:52:00,3,"HARINA INTEGRAL","500 g",2200.00,6600.00
287,2023-05-07,15:33:00,2,QUINOA,"500 g",600.00,1200.00
288,2023-05-07,14:08:00,4,"HARINA INTEGRAL","1 kg",2200.00,8800.00
289,2023-05-08,12:47:00,4,"ALMOHADITAS FRUTILLA","300 g",400.00,1600.00
290,2023-05-08,09:41:00,1,"PIMENTON DULCE","250 g",120.00,120.00
291,2023-05-08,19:06:00,5,LENTEJAS,"1 kg",300.00,1500.00
292,2023-05-09,18:38:00,3,"ALMOHADITAS FRUTILLA","300 g",400.00,1200.00
293,2023-05-09,20:44:00,5,"HARINA INTEGRAL","500 g",2200.00,11000.00
294,2023-05-09,17:09:00,1,NUECES,"250 g",300.00,300.00
295,2023-05-10,09:43:00,5,NUECES,"250 g",300.00,1500.00
296,2023-05-10,09:05:00,1,LENTEJAS,"1 kg",300.00,300.00
297,2023-05-10,17:12:00,3,LENTEJAS,"250 g",300.00,900.00
298,2023-05-11,11:11:00,5,"ALMOHADITAS FRUTILLA","300 g",400.00,2000.00
299,2023-05-11,12:08:00,5,LENTEJAS,"250 g",300.00,1500.00
300,2023-05-11,13:36:00,1,"ALMOHADITAS FRUTILLA","300 g",400.00,400.00
301,2023-05-12,17:56:00,2,QUINOA,"1 kg",600.00,1200.00
302,2023-05-12,09:06:00,1,QUINOA,"500 g",600.00,600.00
303,2023-05-12,12:27:00,1,NUECES,"250 g",300.00,300.00
304,2023-05-13,13:21:00,2,LENTEJAS,"250 g",300.00,600.00
305,2023-05-13,20:30:00,4,"HARINA INTEGRAL","1 kg",2200.00,8800.00
306,2023-05-13,11:31:00,3,LENTEJAS,"1 kg",300.00,900.00
307,2023-05-14,14:22:00,2,QUINOA,"500 g",600.00,1200.00
308,2023-05-14,18:03:00,2,QUINOA,"1 kg",600.00,1200.00
309,2023-05-14,10:33:00,1,LENTEJAS,"250 g",300.00,300.00
310,2023-05-15,19:34:00,2,QUINOA,"500 g",600.00,1200.00
311,2023-05-15,16:28:00,4,"HARINA INTEGRAL","500 g",2200.00,8800.00
312,2023-05-15,18:00:00,3,"PIMENTON DULCE","500 g",120.00,360.00
313,2023-05-16,14:02:00,1,LENTEJAS,"250 g",300.00,300.00
314,2023-05-16,18:53:00,5,QUINOA,"1 kg",600.00,3000.00
315,2023-05-16,13:05:00,5,"PIMENTON DULCE","250 g",120.00,600.00
316,2023-05-17,14:42:00,4,"PIMENTON DULCE","500 g",120.00,480.00
317,2023-05-17,12:57:00,5,"ALMOHADITAS FRUTILLA","300 g",400.00,2000.00
318,2023-05-17,16:51:00,2,NUECES,"300 g",300.00,600.00
319,2023-05-18,17:14:00,4,LENTEJAS,"250 g",300.00,1200.00
320,2023-05-18,13:29:00,5,LENTEJAS,"250 g",300.00,1500.00
321,2023-05-18,13:13:00,4,"PIMENTON DULCE","250 g",120.00,480.00
322,2023-05-19,19:46:00,5,QUINOA,"1 kg",600.00,3000.00
323,2023-05-19,20:50:00,3,QUINOA,"1 kg",600.00,1800.00
324,2023-05-19,14:42:00,2,"HARINA INTEGRAL","1 kg",2200.00,4400.00
325,2023-05-20,11:10:00,4,LENTEJAS,"1 kg",300.00,1200.00
326,2023-05-20,12:52:00,5,"PIMENTON DULCE","250 g",120.00,600.00
327,2023-05-20,19:25:00,4,LENTEJAS,"250 g",300.00,1200.00
328,2023-05-21,16:20:00,2,"PIMENTON DULCE","250 g",120.00,240.00
329,2023-05-21,08:04:00,2,NUECES,"250 g",300.00,600.00
330,2023-05-21,20:37:00,1,NUECES,"300 g",300.00,300.00
331,2023-05-22,20:03:00,2,"ALMOHADITAS FRUTILLA","300 g",400.00,800.00
332,2023-05-22,10:59:00,1,LENTEJAS,"250 g",300.00,300.00
333,2023-05-22,17:44:00,3,LENTEJAS,"1 kg",300.00,900.00
334,2023-05-23,09:54:00,5,LENTEJAS,"1 kg",300.00,1500.00
335,2023-05-23,16:48:00,3,QUINOA,"1 kg",600.00,1800.00
336,2023-05-23,18:14:00,3,QUINOA,"500 g",600.00,1800.00
337,2023-05-24,10:32:00,3,"PIMENTON DULCE","500 g",120.00,360.00
338,2023-05-24,15:28:00,1,QUINOA,"500 g",600.00,600.00
339,2023-05-24,14:22:00,1,"PIMENTON DULCE","250 g",120.00,120.00
340,2023-05-25,08:52:00,3,NUECES,"500 g",300.00,900.00
341,2023-05-25,13:43:00,3,NUECES,"250 g",300.00,900.00
342,2023-05-25,16:59:00,1,QUINOA,"1 kg",600.00,600.00
343,2023-05-26,14:39:00,4,LENTEJAS,"1 kg",300.00,1200.00
344,2023-05-26,19:34:00,1,"PIMENTON DULCE","500 g",120.00,120.00
345,2023-05-26,10:12:00,4,NUECES,"250 g",300.00,1200.00
346,2023-05-27,13:11:00,2,QUINOA,"500 g",600.00,1200.00
347,2023-05-27,16:39:00,5,NUECES,"500 g",300.00,1500.00
348,2023-05-27,12:31:00,2,LENTEJAS,"1 kg",300.00,600.00
349,2023-05-28,12:41:00,2,QUINOA,"1 kg",600.00,1200.00
350,2023-05-28,10:50:00,1,LENTEJAS,"250 g",300.00,300.00
351,2023-05-28,11:06:00,4,"HARINA INTEGRAL","500 g",2200.00,8800.00
352,2023-05-29,17:37:00,4,"HARINA INTEGRAL","1 kg",2200.00,8800.00
353,2023-05-29,18:52:00,3,"PIMENTON DULCE","250 g",120.00,360.00
354,2023-05-29,13:55:00,3,QUINOA,"500 g",600.00,1800.00
355,2023-05-30,12:15:00,4,LENTEJAS,"250 g",300.00,1200.00
356,2023-05-30,11:43:00,4,"ALMOHADITAS FRUTILLA","300 g",400.00,1600.00
357,2023-05-30,18:36:00,5,NUECES,"500 g",300.00,1500.00
358,2023-05-31,09:27:00,5,NUECES,"300 g",300.00,1500.00
359,2023-05-31,09:37:00,1,LENTEJAS,"1 kg",300.00,300.00
360,2023-05-31,18:59:00,3,"ALMOHADITAS FRUTILLA","250 g",400.00,1200.00
361,2023-06-01,15:00:00,2,"PIMENTON DULCE","250 g",120.00,240.00
362,2023-06-01,11:31:00,2,"ALMOHADITAS FRUTILLA","300 g",400.00,800.00
363,2023-06-01,16:57:00,2,LENTEJAS,"1 kg",300.00,600.00
364,2023-06-02,14:40:00,5,NUECES,"300 g",300.00,1500.00
365,2023-06-02,18:42:00,1,"PIMENTON DULCE","500 g",120.00,120.00
366,2023-06-02,12:06:00,3,"PIMENTON DULCE","500 g",120.00,360.00
367,2023-06-03,09:04:00,1,"ALMOHADITAS FRUTILLA","300 g",400.00,400.00
368,2023-06-03,09:04:00,5,"HARINA INTEGRAL","500 g",2200.00,11000.00
369,2023-06-03,12:43:00,1,"HARINA INTEGRAL","500 g",2200.00,2200.00
370,2023-06-04,19:01:00,4,LENTEJAS,"250 g",300.00,1200.00
371,2023-06-04,10:29:00,1,LENTEJAS,"1 kg",300.00,300.00
372,2023-06-04,15:23:00,1,"PIMENTON DULCE","250 g",120.00,120.00
373,2023-06-05,17:15:00,1,"ALMOHADITAS FRUTILLA","300 g",400.00,400.00
374,2023-06-05,08:56:00,3,"ALMOHADITAS FRUTILLA","300 g",400.00,1200.00
375,2023-06-05,19:00:00,3,"HARINA INTEGRAL","500 g",2200.00,6600.00
376,2023-06-06,12:06:00,2,"ALMOHADITAS FRUTILLA","300 g",400.00,800.00
377,2023-06-06,12:39:00,2,QUINOA,"1 kg",600.00,1200.00
378,2023-06-06,13:48:00,3,QUINOA,"1 kg",600.00,1800.00
379,2023-06-07,13:57:00,3,"ALMOHADITAS FRUTILLA","300 g",400.00,1200.00
380,2023-06-07,11:11:00,1,QUINOA,"500 g",600.00,600.00
381,2023-06-07,12:40:00,4,LENTEJAS,"250 g",300.00,1200.00
382,2023-06-08,20:56:00,3,"PIMENTON DULCE","250 g",120.00,360.00
383,2023-06-08,09:49:00,5,NUECES,"300 g",300.00,1500.00
384,2023-06-08,15:36:00,4,QUINOA,"1 kg",600.00,2400.00
385,2023-06-09,12:52:00,3,QUINOA,"500 g",600.00,1800.00
386,2023-06-09,14:24:00,5,"PIMENTON DULCE","500 g",120.00,600.00
387,2023-06-09,08:32:00,2,NUECES,"500 g",300.00,600.00
388,2023-06-10,10:55:00,3,"HARINA INTEGRAL","500 g",2200.00,6600.00
389,2023-06-10,16:28:00,2,NUECES,"500 g",300.00,600.00
390,2023-06-10,20:03:00,5,QUINOA,"1 kg",600.00,3000.00
391,2023-06-11,18:25:00,5,NUECES,"500 g",300.00,1500.00
392,2023-06-11,15:34:00,5,"PIMENTON DULCE","250 g",120.00,600.00
393,2023-06-11,16:19:00,4,LENTEJAS,"250 g",300.00,1200.00
394,2023-06-12,09:17:00,5,"PIMENTON DULCE","250 g",120.00,600.00
395,2023-06-12,18:23:00,3,QUINOA,"1 kg",600.00,1800.00
396,2023-06-12,08:52:00,3,"PIMENTON DULCE","500 g",120.00,360.00
397,2023-06-13,20:53:00,3,"ALMOHADITAS FRUTILLA","300 g",400.00,1200.00
398,2023-06-13,19:23:00,4,NUECES,"250 g",300.00,1200.00
399,2023-06-13,14:11:00,5,"HARINA INTEGRAL","500 g",2200.00,11000.00
400,2023-06-14,12:11:00,5,"ALMOHADITAS FRUTILLA","300 g",400.00,2000.00
401,2023-06-14,15:03:00,5,NUECES,"250 g",300.00,1500.00
402,2023-06-14,09:08:00,4,"HARINA INTEGRAL","500 g",2200.00,8800.00
403,2023-06-15,08:51:00,4,"PIMENTON DULCE","250 g",120.00,480.00
404,2023-06-15,12:41:00,5,"PIMENTON DULCE","500 g",120.00,600.00
405,2023-06-15,14:26:00,4,"PIMENTON DULCE","250 g",120.00,480.00
406,2023-06-16,13:20:00,4,QUINOA,"1 kg",600.00,2400.00
407,2023-06-16,14:55:00,2,NUECES,"300 g",300.00,600.00
408,2023-06-16,15:44:00,3,QUINOA,"500 g",600.00,1800.00
409,2023-06-17,09:06:00,2,LENTEJAS,"1 kg",300.00,600.00
410,2023-06-17,10:50:00,3,QUINOA,"1 kg",600.00,1800.00
411,2023-06-17,14:28:00,3,"ALMOHADITAS FRUTILLA","250 g",400.00,1200.00
412,2023-06-18,11:18:00,3,"ALMOHADITAS FRUTILLA","250 g",400.00,1200.00
413,2023-06-18,20:23:00,2,LENTEJAS,"250 g",300.00,600.00
414,2023-06-18,16:58:00,5,"ALMOHADITAS FRUTILLA","250 g",400.00,2000.00
415,2023-06-19,19:41:00,1,LENTEJAS,"250 g",300.00,300.00
416,2023-06-19,14:17:00,2,NUECES,"300 g",300.00,600.00
417,2023-06-19,15:23:00,1,"PIMENTON DULCE","250 g",120.00,120.00
418,2023-06-20,11:15:00,2,"ALMOHADITAS FRUTILLA","250 g",400.00,800.00
419,2023-06-20,12:39:00,1,QUINOA,"1 kg",600.00,600.00
420,2023-06-20,15:03:00,4,NUECES,"250 g",300.00,1200.00
421,2023-06-21,12:26:00,2,"HARINA INTEGRAL","1 kg",2200.00,4400.00
422,2023-06-21,20:48:00,3,"ALMOHADITAS FRUTILLA","250 g",400.00,1200.00
423,2023-06-21,16:47:00,4,QUINOA,"500 g",600.00,2400.00
424,2023-06-22,12:02:00,4,"HARINA INTEGRAL","500 g",2200.00,8800.00
425,2023-06-22,16:32:00,2,"HARINA INTEGRAL","500 g",2200.00,4400.00
426,2023-06-22,16:59:00,4,NUECES,"250 g",300.00,1200.00
427,2023-06-23,19:01:00,1,"HARINA INTEGRAL","500 g",2200.00,2200.00
428,2023-06-23,08:49:00,1,"HARINA INTEGRAL","1 kg",2200.00,2200.00
429,2023-06-23,14:33:00,3,"ALMOHADITAS FRUTILLA","300 g",400.00,1200.00
430,2023-06-24,10:22:00,1,LENTEJAS,"250 g",300.00,300.00
431,2023-06-24,14:33:00,2,"ALMOHADITAS FRUTILLA","250 g",400.00,800.00
432,2023-06-24,14:01:00,1,NUECES,"250 g",300.00,300.00
433,2023-06-25,08:56:00,4,"HARINA INTEGRAL","500 g",2200.00,8800.00
434,2023-06-25,08:27:00,3,NUECES,"250 g",300.00,900.00
435,2023-06-25,16:52:00,4,NUECES,"250 g",300.00,1200.00
436,2023-06-26,15:31:00,1,"ALMOHADITAS FRUTILLA","300 g",400.00,400.00
437,2023-06-26,08:30:00,1,NUECES,"500 g",300.00,300.00
438,2023-06-26,18:44:00,1,LENTEJAS,"1 kg",300.00,300.00
439,2023-06-27,20:48:00,2,NUECES,"300 g",300.00,600.00
440,2023-06-27,12:32:00,4,"HARINA INTEGRAL","500 g",2200.00,8800.00
441,2023-06-27,18:15:00,2,"PIMENTON DULCE","250 g",120.00,240.00
442,2023-06-28,18:26:00,2,QUINOA,"500 g",600.00,1200.00
443,2023-06-28,13:54:00,1,NUECES,"300 g",300.00,300.00
444,2023-06-28,08:09:00,3,"ALMOHADITAS FRUTILLA","250 g",400.00,1200.00
445,2023-06-29,15:16:00,4,NUECES,"250 g",300.00,1200.00
446,2023-06-29,12:48:00,1,"HARINA INTEGRAL","500 g",2200.00,2200.00
447,2023-06-29,17:46:00,1,NUECES,"250 g",300.00,300.00
448,2023-06-30,12:53:00,5,"PIMENTON DULCE","500 g",120.00,600.00
449,2023-06-30,08:42:00,1,NUECES,"500 g",300.00,300.00
450,2023-06-30,10:15:00,4,NUECES,"250 g",300.00,1200.00
451,2023-07-01,13:46:00,2,QUINOA,"1 kg",600.00,1200.00
452,2023-07-01,20:16:00,4,"HARINA INTEGRAL","500 g",2200.00,8800.00
453,2023-07-01,16:21:00,1,QUINOA,"1 kg",600.00,600.00
454,2023-07-02,12:09:00,3,"ALMOHADITAS FRUTILLA","250 g",400.00,1200.00
455,2023-07-02,12:05:00,5,"HARINA INTEGRAL","500 g",2200.00,11000.00
456,2023-07-02,14:03:00,2,QUINOA,"500 g",600.00,1200.00
457,2023-07-03,10:43:00,5,"PIMENTON DULCE","250 g",120.00,600.00
458,2023-07-03,08:32:00,1,LENTEJAS,"1 kg",300.00,300.00
459,2023-07-03,14:53:00,2,LENTEJAS,"250 g",300.00,600.00
460,2023-07-04,16:44:00,2,LENTEJAS,"1 kg",300.00,600.00
461,2023-07-04,17:58:00,5,LENTEJAS,"1 kg",300.00,1500.00
462,2023-07-04,18:26:00,3,"ALMOHADITAS FRUTILLA","300 g",400.00,1200.00
463,2023-07-05,09:01:00,5,LENTEJAS,"250 g",300.00,1500.00
464,2023-07-05,08:12:00,1,QUINOA,"500 g",600.00,600.00
465,2023-07-05,18:14:00,3,"ALMOHADITAS FRUTILLA","300 g",400.00,1200.00
466,2023-07-06,10:56:00,4,"HARINA INTEGRAL","500 g",2200.00,8800.00
467,2023-07-06,16:29:00,4,"PIMENTON DULCE","500 g",120.00,480.00
468,2023-07-06,11:59:00,3,QUINOA,"500 g",600.00,1800.00
469,2023-07-07,15:43:00,3,"HARINA INTEGRAL","1 kg",2200.00,6600.00
470,2023-07-07,08:49:00,3,"ALMOHADITAS FRUTILLA","250 g",400.00,1200.00
471,2023-07-07,10:13:00,4,"HARINA INTEGRAL","1 kg",2200.00,8800.00
472,2023-07-08,11:22:00,5,"HARINA INTEGRAL","500 g",2200.00,11000.00
473,2023-07-08,09:03:00,4,QUINOA,"1 kg",600.00,2400.00
474,2023-07-08,15:14:00,3,QUINOA,"1 kg",600.00,1800.00
475,2023-07-09,13:53:00,3,"ALMOHADITAS FRUTILLA","250 g",400.00,1200.00
476,2023-07-09,20:41:00,1,QUINOA,"1 kg",600.00,600.00
477,2023-07-09,18:57:00,3,LENTEJAS,"1 kg",300.00,900.00
478,2023-07-10,15:28:00,2,NUECES,"300 g",300.00,600.00
479,2023-07-10,15:18:00,5,"PIMENTON DULCE","500 g",120.00,600.00
480,2023-07-10,09:54:00,5,"ALMOHADITAS FRUTILLA","250 g",400.00,2000.00
481,2023-07-11,17:52:00,2,NUECES,"500 g",300.00,600.00
482,2023-07-11,15:24:00,4,LENTEJAS,"1 kg",300.00,1200.00
483,2023-07-11,09:37:00,4,LENTEJAS,"250 g",300.00,1200.00
484,2023-07-12,12:09:00,4,QUINOA,"1 kg",600.00,2400.00
485,2023-07-12,10:21:00,5,"HARINA INTEGRAL","500 g",2200.00,11000.00
486,2023-07-12,16:17:00,2,LENTEJAS,"1 kg",300.00,600.00
487,2023-07-13,13:46:00,3,NUECES,"300 g",300.00,900.00
488,2023-07-13,18:27:00,5,NUECES,"300 g",300.00,1500.00
489,2023-07-13,13:06:00,3,NUECES,"300 g",300.00,900.00
490,2023-07-14,15:29:00,4,"PIMENTON DULCE","250 g",120.00,480.00
491,2023-07-14,08:57:00,1,NUECES,"500 g",300.00,300.00
492,2023-07-14,11:31:00,2,NUECES,"500 g",300.00,600.00
493,2023-07-15,16:47:00,5,NUECES,"300 g",300.00,1500.00
494,2023-07-15,08:24:00,5,LENTEJAS,"250 g",300.00,1500.00
495,2023-07-15,12:25:00,5,QUINOA,"500 g",600.00,3000.00
496,2023-07-16,20:59:00,4,NUECES,"300 g",300.00,1200.00
497,2023-07-16,14:00:00,5,"PIMENTON DULCE","500 g",120.00,600.00
498,2023-07-16,18:19:00,3,"PIMENTON DULCE","250 g",120.00,360.00
499,2023-07-17,18:41:00,4,"ALMOHADITAS FRUTILLA","300 g",400.00,1600.00
500,2023-07-17,15:53:00,5,LENTEJAS,"250 g",300.00,1500.00
501,2023-07-17,12:17:00,5,"HARINA INTEGRAL","500 g",2200.00,11000.00
502,2023-07-18,13:03:00,1,"HARINA INTEGRAL","500 g",2200.00,2200.00
503,2023-07-18,13:13:00,3,"PIMENTON DULCE","500 g",120.00,360.00
504,2023-07-18,09:38:00,4,"ALMOHADITAS FRUTILLA","300 g",400.00,1600.00
505,2023-07-19,11:03:00,3,"ALMOHADITAS FRUTILLA","250 g",400.00,1200.00
506,2023-07-19,13:19:00,5,LENTEJAS,"250 g",300.00,1500.00
507,2023-07-19,09:00:00,3,"PIMENTON DULCE","250 g",120.00,360.00
508,2023-07-20,11:20:00,5,"ALMOHADITAS FRUTILLA","300 g",400.00,2000.00
509,2023-07-20,12:13:00,3,LENTEJAS,"250 g",300.00,900.00
510,2023-07-20,08:47:00,1,NUECES,"500 g",300.00,300.00
511,2023-07-21,15:16:00,5,QUINOA,"500 g",600.00,3000.00
512,2023-07-21,10:12:00,1,NUECES,"500 g",300.00,300.00
513,2023-07-21,20:12:00,3,"HARINA INTEGRAL","1 kg",2200.00,6600.00
514,2023-07-22,19:15:00,2,"ALMOHADITAS FRUTILLA","250 g",400.00,800.00
515,2023-07-22,14:34:00,2,LENTEJAS,"1 kg",300.00,600.00
516,2023-07-22,13:32:00,1,"HARINA INTEGRAL","500 g",2200.00,2200.00
517,2023-07-23,13:57:00,1,LENTEJAS,"1 kg",300.00,300.00
518,2023-07-23,17:13:00,2,"ALMOHADITAS FRUTILLA","250 g",400.00,800.00
519,2023-07-23,20:13:00,5,"HARINA INTEGRAL","500 g",2200.00,11000.00
520,2023-07-24,20:29:00,4,"HARINA INTEGRAL","1 kg",2200.00,8800.00
521,2023-07-24,17:45:00,4,NUECES,"500 g",300.00,1200.00
522,2023-07-24,11:05:00,5,"PIMENTON DULCE","500 g",120.00,600.00
523,2023-07-25,11:41:00,2,"HARINA INTEGRAL","1 kg",2200.00,4400.00
524,2023-07-25,19:05:00,2,LENTEJAS,"1 kg",300.00,600.00
525,2023-07-25,14:07:00,3,QUINOA,"500 g",600.00,1800.00
526,2023-07-26,19:57:00,4,QUINOA,"500 g",600.00,2400.00
527,2023-07-26,16:42:00,5,LENTEJAS,"250 g",300.00,1500.00
528,2023-07-26,20:19:00,1,"HARINA INTEGRAL","500 g",2200.00,2200.00
529,2023-07-27,14:49:00,5,"PIMENTON DULCE","250 g",120.00,600.00
530,2023-07-27,15:52:00,1,"HARINA INTEGRAL","500 g",2200.00,2200.00
531,2023-07-27,13:37:00,5,"ALMOHADITAS FRUTILLA","300 g",400.00,2000.00
532,2023-07-28,11:45:00,1,QUINOA,"1 kg",600.00,600.00
533,2023-07-28,18:09:00,3,QUINOA,"500 g",600.00,1800.00
534,2023-07-28,12:35:00,3,QUINOA,"500 g",600.00,1800.00
535,2023-07-29,11:35:00,3,NUECES,"250 g",300.00,900.00
536,2023-07-29,14:34:00,1,LENTEJAS,"1 kg",300.00,300.00
537,2023-07-29,19:21:00,5,NUECES,"500 g",300.00,1500.00
538,2023-07-30,09:07:00,5,"HARINA INTEGRAL","1 kg",2200.00,11000.00
539,2023-07-30,12:26:00,5,NUECES,"250 g",300.00,1500.00
540,2023-07-30,20:54:00,1,"PIMENTON DULCE","500 g",120.00,120.00
541,2023-07-31,13:07:00,1,NUECES,"500 g",300.00,300.00
542,2023-07-31,20:19:00,4,NUECES,"500 g",300.00,1200.00
543,2023-07-31,15:04:00,4,NUECES,"300 g",300.00,1200.00
544,2023-08-01,19:04:00,3,NUECES,"250 g",300.00,900.00
545,2023-08-01,12:02:00,1,"ALMOHADITAS FRUTILLA","250 g",400.00,400.00
546,2023-08-01,08:04:00,5,QUINOA,"1 kg",600.00,3000.00
547,2023-08-02,13:26:00,5,QUINOA,"1 kg",600.00,3000.00
548,2023-08-02,13:47:00,2,QUINOA,"1 kg",600.00,1200.00
549,2023-08-02,15:19:00,1,"PIMENTON DULCE","500 g",120.00,120.00
550,2023-08-03,10:25:00,2,"PIMENTON DULCE","500 g",120.00,240.00
551,2023-08-03,18:24:00,5,NUECES,"250 g",300.00,1500.00
552,2023-08-03,08:26:00,3,"ALMOHADITAS FRUTILLA","300 g",400.00,1200.00
553,2023-08-04,16:59:00,1,"ALMOHADITAS FRUTILLA","300 g",400.00,400.00
554,2023-08-04,09:56:00,1,QUINOA,"1 kg",600.00,600.00
555,2023-08-04,16:21:00,1,"PIMENTON DULCE","500 g",120.00,120.00
556,2023-08-05,15:30:00,2,"ALMOHADITAS FRUTILLA","300 g",400.00,800.00
557,2023-08-05,20:40:00,3,"HARINA INTEGRAL","1 kg",2200.00,6600.00
558,2023-08-05,18:11:00,2,"PIMENTON DULCE","500 g",120.00,240.00
559,2023-08-06,11:04:00,2,NUECES,"250 g",300.00,600.00
560,2023-08-06,15:56:00,5,"PIMENTON DULCE","500 g",120.00,600.00
561,2023-08-06,13:18:00,3,"HARINA INTEGRAL","500 g",2200.00,6600.00
562,2023-08-07,17:26:00,1,LENTEJAS,"250 g",300.00,300.00
563,2023-08-07,13:05:00,4,LENTEJAS,"250 g",300.00,1200.00
564,2023-08-07,09:46:00,5,LENTEJAS,"250 g",300.00,1500.00
565,2023-08-08,16:43:00,1,LENTEJAS,"1 kg",300.00,300.00
566,2023-08-08,18:02:00,3,NUECES,"300 g",300.00,900.00
567,2023-08-08,18:22:00,5,LENTEJAS,"1 kg",300.00,1500.00
568,2023-08-09,19:12:00,1,NUECES,"250 g",300.00,300.00
569,2023-08-09,13:14:00,3,QUINOA,"1 kg",600.00,1800.00
570,2023-08-09,15:55:00,3,"HARINA INTEGRAL","1 kg",2200.00,6600.00
571,2023-08-10,15:42:00,3,"HARINA INTEGRAL","1 kg",2200.00,6600.00
572,2023-08-10,09:12:00,3,"HARINA INTEGRAL","500 g",2200.00,6600.00
573,2023-08-10,18:15:00,3,NUECES,"500 g",300.00,900.00
574,2023-08-11,19:48:00,4,"PIMENTON DULCE","500 g",120.00,480.00
575,2023-08-11,13:30:00,2,"ALMOHADITAS FRUTILLA","250 g",400.00,800.00
576,2023-08-11,17:33:00,5,"ALMOHADITAS FRUTILLA","300 g",400.00,2000.00
577,2023-08-12,20:26:00,5,NUECES,"250 g",300.00,1500.00
578,2023-08-12,18:47:00,5,"HARINA INTEGRAL","500 g",2200.00,11000.00
579,2023-08-12,19:07:00,1,"HARINA INTEGRAL","500 g",2200.00,2200.00
580,2023-08-13,15:41:00,2,LENTEJAS,"250 g",300.00,600.00
581,2023-08-13,08:40:00,4,"ALMOHADITAS FRUTILLA","250 g",400.00,1600.00
582,2023-08-13,08:24:00,3,"ALMOHADITAS FRUTILLA","250 g",400.00,1200.00
583,2023-08-14,17:50:00,4,"ALMOHADITAS FRUTILLA","250 g",400.00,1600.00
584,2023-08-14,16:22:00,3,"ALMOHADITAS FRUTILLA","250 g",400.00,1200.00
585,2023-08-14,13:42:00,3,LENTEJAS,"1 kg",300.00,900.00
586,2023-08-15,08:29:00,5,NUECES,"250 g",300.00,1500.00
587,2023-08-15,11:45:00,4,"HARINA INTEGRAL","1 kg",2200.00,8800.00
588,2023-08-15,11:38:00,5,NUECES,"300 g",300.00,1500.00
589,2023-08-16,16:20:00,2,LENTEJAS,"250 g",300.00,600.00
590,2023-08-16,20:48:00,3,LENTEJAS,"250 g",300.00,900.00
591,2023-08-16,20:29:00,1,NUECES,"300 g",300.00,300.00
592,2023-08-17,17:43:00,1,NUECES,"250 g",300.00,300.00
593,2023-08-17,09:09:00,4,QUINOA,"1 kg",600.00,2400.00
594,2023-08-17,19:30:00,5,"PIMENTON DULCE","250 g",120.00,600.00
595,2023-08-18,08:58:00,4,"HARINA INTEGRAL","1 kg",2200.00,8800.00
596,2023-08-18,09:20:00,2,"PIMENTON DULCE","500 g",120.00,240.00
597,2023-08-18,10:05:00,1,"PIMENTON DULCE","250 g",120.00,120.00
598,2023-08-19,19:07:00,4,"PIMENTON DULCE","500 g",120.00,480.00
599,2023-08-19,11:37:00,4,"ALMOHADITAS FRUTILLA","300 g",400.00,1600.00
600,2023-08-19,12:36:00,1,QUINOA,"500 g",600.00,600.00
601,2023-08-20,13:59:00,4,QUINOA,"1 kg",600.00,2400.00
602,2023-08-20,13:54:00,1,QUINOA,"500 g",600.00,600.00
603,2023-08-20,17:17:00,2,NUECES,"300 g",300.00,600.00
604,2023-08-21,14:48:00,2,"HARINA INTEGRAL","500 g",2200.00,4400.00
605,2023-08-21,14:01:00,5,LENTEJAS,"250 g",300.00,1500.00
606,2023-08-21,10:18:00,3,QUINOA,"500 g",600.00,1800.00
607,2023-08-22,19:58:00,3,NUECES,"300 g",300.00,900.00
608,2023-08-22,20:11:00,5,QUINOA,"500 g",600.00,3000.00
609,2023-08-22,09:13:00,3,NUECES,"500 g",300.00,900.00
610,2023-08-23,15:08:00,2,"ALMOHADITAS FRUTILLA","300 g",400.00,800.00
611,2023-08-23,19:22:00,2,QUINOA,"500 g",600.00,1200.00
612,2023-08-23,14:23:00,1,"ALMOHADITAS FRUTILLA","300 g",400.00,400.00
613,2023-08-24,11:53:00,1,LENTEJAS,"1 kg",300.00,300.00
614,2023-08-24,18:37:00,2,"ALMOHADITAS FRUTILLA","250 g",400.00,800.00
615,2023-08-24,08:04:00,1,LENTEJAS,"250 g",300.00,300.00
616,2023-08-25,08:19:00,1,QUINOA,"1 kg",600.00,600.00
617,2023-08-25,15:48:00,2,"HARINA INTEGRAL","500 g",2200.00,4400.00
618,2023-08-25,19:48:00,3,NUECES,"300 g",300.00,900.00
619,2023-08-26,19:12:00,4,"ALMOHADITAS FRUTILLA","250 g",400.00,1600.00
620,2023-08-26,19:00:00,1,LENTEJAS,"1 kg",300.00,300.00
621,2023-08-26,10:22:00,3,"ALMOHADITAS FRUTILLA","300 g",400.00,1200.00
622,2023-08-27,14:28:00,4,"HARINA INTEGRAL","500 g",2200.00,8800.00
623,2023-08-27,15:26:00,4,NUECES,"300 g",300.00,1200.00
624,2023-08-27,12:51:00,3,"ALMOHADITAS FRUTILLA","250 g",400.00,1200.00
625,2023-08-28,17:51:00,2,QUINOA,"1 kg",600.00,1200.00
626,2023-08-28,15:36:00,1,LENTEJAS,"1 kg",300.00,300.00
627,2023-08-28,12:31:00,3,NUECES,"300 g",300.00,900.00
628,2023-08-29,20:02:00,2,"PIMENTON DULCE","500 g",120.00,240.00
629,2023-08-29,16:08:00,2,LENTEJAS,"250 g",300.00,600.00
630,2023-08-29,09:48:00,3,"HARINA INTEGRAL","500 g",2200.00,6600.00
631,2023-08-30,14:21:00,3,QUINOA,"1 kg",600.00,1800.00
632,2023-08-30,20:22:00,5,"PIMENTON DULCE","250 g",120.00,600.00
633,2023-08-30,08:51:00,3,LENTEJAS,"1 kg",300.00,900.00
634,2023-08-31,12:53:00,1,QUINOA,"1 kg",600.00,600.00
635,2023-08-31,14:17:00,2,"HARINA INTEGRAL","1 kg",2200.00,4400.00
636,2023-08-31,18:11:00,1,LENTEJAS,"1 kg",300.00,300.00
637,2023-09-01,19:14:00,3,LENTEJAS,"250 g",300.00,900.00
638,2023-09-01,16:10:00,2,"ALMOHADITAS FRUTILLA","300 g",400.00,800.00
639,2023-09-01,17:12:00,3,"HARINA INTEGRAL","1 kg",2200.00,6600.00
640,2023-09-02,14:24:00,4,"PIMENTON DULCE","500 g",120.00,480.00
641,2023-09-02,14:51:00,4,QUINOA,"1 kg",600.00,2400.00
642,2023-09-02,20:09:00,1,QUINOA,"1 kg",600.00,600.00
643,2023-09-03,18:14:00,5,NUECES,"250 g",300.00,1500.00
644,2023-09-03,17:53:00,5,"HARINA INTEGRAL","500 g",2200.00,11000.00
645,2023-09-03,16:08:00,5,"ALMOHADITAS FRUTILLA","300 g",400.00,2000.00
646,2023-09-04,20:02:00,1,LENTEJAS,"250 g",300.00,300.00
647,2023-09-04,09:47:00,1,"HARINA INTEGRAL","1 kg",2200.00,2200.00
648,2023-09-04,08:54:00,2,LENTEJAS,"1 kg",300.00,600.00
649,2023-09-05,09:55:00,3,"PIMENTON DULCE","500 g",120.00,360.00
650,2023-09-05,19:25:00,1,"HARINA INTEGRAL","500 g",2200.00,2200.00
651,2023-09-05,10:24:00,2,QUINOA,"1 kg",600.00,1200.00
652,2023-09-06,19:07:00,3,LENTEJAS,"1 kg",300.00,900.00
653,2023-09-06,13:04:00,1,LENTEJAS,"1 kg",300.00,300.00
654,2023-09-06,16:07:00,1,NUECES,"300 g",300.00,300.00
655,2023-09-07,18:29:00,4,LENTEJAS,"1 kg",300.00,1200.00
656,2023-09-07,16:10:00,4,NUECES,"300 g",300.00,1200.00
657,2023-09-07,08:19:00,5,QUINOA,"500 g",600.00,3000.00
658,2023-09-08,08:59:00,3,QUINOA,"500 g",600.00,1800.00
659,2023-09-08,18:44:00,3,"ALMOHADITAS FRUTILLA","300 g",400.00,1200.00
660,2023-09-08,10:04:00,3,"HARINA INTEGRAL","1 kg",2200.00,6600.00
661,2023-09-09,14:00:00,3,LENTEJAS,"250 g",300.00,900.00
662,2023-09-09,16:48:00,4,LENTEJAS,"250 g",300.00,1200.00
663,2023-09-09,11:00:00,5,QUINOA,"500 g",600.00,3000.00
664,2023-09-10,14:11:00,3,QUINOA,"1 kg",600.00,1800.00
665,2023-09-10,08:06:00,5,NUECES,"500 g",300.00,1500.00
666,2023-09-10,14:35:00,3,"HARINA INTEGRAL","1 kg",2200.00,6600.00
667,2023-09-11,08:09:00,1,"ALMOHADITAS FRUTILLA","300 g",400.00,400.00
668,2023-09-11,12:16:00,2,QUINOA,"1 kg",600.00,1200.00
669,2023-09-11,09:21:00,3,NUECES,"250 g",300.00,900.00
670,2023-09-12,15:27:00,2,"ALMOHADITAS FRUTILLA","300 g",400.00,800.00
671,2023-09-12,10:05:00,5,"PIMENTON DULCE","500 g",120.00,600.00
672,2023-09-12,15:45:00,3,NUECES,"300 g",300.00,900.00
673,2023-09-13,15:45:00,2,"PIMENTON DULCE","500 g",120.00,240.00
674,2023-09-13,18:53:00,5,"HARINA INTEGRAL","1 kg",2200.00,11000.00
675,2023-09-13,15:27:00,2,NUECES,"300 g",300.00,600.00
676,2023-09-14,13:37:00,2,NUECES,"300 g",300.00,600.00
677,2023-09-14,10:38:00,1,NUECES,"500 g",300.00,300.00
678,2023-09-14,09:03:00,2,"PIMENTON DULCE","250 g",120.00,240.00
679,2023-09-15,20:37:00,2,QUINOA,"500 g",600.00,1200.00
680,2023-09-15,15:26:00,4,NUECES,"500 g",300.00,1200.00
681,2023-09-15,19:08:00,2,QUINOA,"500 g",600.00,1200.00
682,2023-09-16,10:14:00,1,"PIMENTON DULCE","500 g",120.00,120.00
683,2023-09-16,20:14:00,3,LENTEJAS,"1 kg",300.00,900.00
684,2023-09-16,20:07:00,1,LENTEJAS,"1 kg",300.00,300.00
685,2023-09-17,19:22:00,3,NUECES,"250 g",300.00,900.00
686,2023-09-17,20:44:00,2,"ALMOHADITAS FRUTILLA","250 g",400.00,800.00
687,2023-09-17,16:30:00,2,LENTEJAS,"250 g",300.00,600.00
688,2023-09-18,08:36:00,1,NUECES,"250 g",300.00,300.00
689,2023-09-18,08:13:00,1,"PIMENTON DULCE","500 g",120.00,120.00
690,2023-09-18,20:17:00,4,QUINOA,"500 g",600.00,2400.00
691,2023-09-19,18:29:00,2,"HARINA INTEGRAL","1 kg",2200.00,4400.00
692,2023-09-19,13:49:00,2,NUECES,"500 g",300.00,600.00
693,2023-09-19,12:08:00,2,NUECES,"250 g",300.00,600.00
694,2023-09-20,15:37:00,5,QUINOA,"1 kg",600.00,3000.00
695,2023-09-20,10:24:00,2,"ALMOHADITAS FRUTILLA","300 g",400.00,800.00
696,2023-09-20,14:45:00,2,"ALMOHADITAS FRUTILLA","250 g",400.00,800.00
697,2023-09-21,16:20:00,3,LENTEJAS,"1 kg",300.00,900.00
698,2023-09-21,11:28:00,3,NUECES,"250 g",300.00,900.00
699,2023-09-21,18:42:00,1,"HARINA INTEGRAL","500 g",2200.00,2200.00
700,2023-09-22,13:29:00,5,LENTEJAS,"250 g",300.00,1500.00
701,2023-09-22,18:53:00,3,NUECES,"300 g",300.00,900.00
702,2023-09-22,13:56:00,3,LENTEJAS,"250 g",300.00,900.00
703,2023-09-23,20:36:00,1,"ALMOHADITAS FRUTILLA","300 g",400.00,400.00
704,2023-09-23,13:31:00,2,"ALMOHADITAS FRUTILLA","250 g",400.00,800.00
705,2023-09-23,10:10:00,5,"HARINA INTEGRAL","1 kg",2200.00,11000.00
706,2023-09-24,17:59:00,5,"ALMOHADITAS FRUTILLA","250 g",400.00,2000.00
707,2023-09-24,15:49:00,5,"ALMOHADITAS FRUTILLA","300 g",400.00,2000.00
708,2023-09-24,14:07:00,1,"PIMENTON DULCE","500 g",120.00,120.00
709,2023-09-25,15:06:00,1,NUECES,"500 g",300.00,300.00
710,2023-09-25,20:32:00,3,"ALMOHADITAS FRUTILLA","300 g",400.00,1200.00
711,2023-09-25,11:39:00,5,QUINOA,"500 g",600.00,3000.00
712,2023-09-26,15:42:00,4,LENTEJAS,"250 g",300.00,1200.00
713,2023-09-26,17:31:00,4,NUECES,"250 g",300.00,1200.00
714,2023-09-26,17:21:00,3,NUECES,"500 g",300.00,900.00
715,2023-09-27,08:56:00,2,"HARINA INTEGRAL","500 g",2200.00,4400.00
716,2023-09-27,17:32:00,4,"ALMOHADITAS FRUTILLA","300 g",400.00,1600.00
717,2023-09-27,10:30:00,4,LENTEJAS,"1 kg",300.00,1200.00
718,2023-09-28,10:10:00,5,"PIMENTON DULCE","250 g",120.00,600.00
719,2023-09-28,08:57:00,2,"HARINA INTEGRAL","1 kg",2200.00,4400.00
720,2023-09-28,12:08:00,3,"HARINA INTEGRAL","1 kg",2200.00,6600.00
721,2023-09-29,20:21:00,3,"ALMOHADITAS FRUTILLA","300 g",400.00,1200.00
722,2023-09-29,11:16:00,2,LENTEJAS,"250 g",300.00,600.00
723,2023-09-29,16:29:00,4,QUINOA,"500 g",600.00,2400.00
724,2023-09-30,14:52:00,2,QUINOA,"500 g",600.00,1200.00
725,2023-09-30,19:32:00,5,"HARINA INTEGRAL","500 g",2200.00,11000.00
726,2023-09-30,11:05:00,3,NUECES,"250 g",300.00,900.00
727,2023-10-01,12:50:00,5,"ALMOHADITAS FRUTILLA","300 g",400.00,2000.00
728,2023-10-01,09:41:00,4,LENTEJAS,"1 kg",300.00,1200.00
729,2023-10-01,20:59:00,4,"PIMENTON DULCE","250 g",120.00,480.00
730,2023-10-02,11:16:00,2,"PIMENTON DULCE","500 g",120.00,240.00
731,2023-10-02,19:45:00,1,"ALMOHADITAS FRUTILLA","300 g",400.00,400.00
732,2023-10-02,20:36:00,2,"PIMENTON DULCE","250 g",120.00,240.00
733,2023-10-03,12:21:00,5,QUINOA,"1 kg",600.00,3000.00
734,2023-10-03,08:42:00,5,NUECES,"300 g",300.00,1500.00
735,2023-10-03,13:03:00,5,"ALMOHADITAS FRUTILLA","300 g",400.00,2000.00
736,2023-10-04,16:18:00,5,"ALMOHADITAS FRUTILLA","300 g",400.00,2000.00
737,2023-10-04,18:20:00,2,LENTEJAS,"1 kg",300.00,600.00
738,2023-10-04,13:41:00,2,"PIMENTON DULCE","500 g",120.00,240.00
739,2023-10-05,16:43:00,5,"ALMOHADITAS FRUTILLA","250 g",400.00,2000.00
740,2023-10-05,12:07:00,3,NUECES,"500 g",300.00,900.00
741,2023-10-05,08:06:00,4,"HARINA INTEGRAL","1 kg",2200.00,8800.00
742,2023-10-06,16:28:00,2,"HARINA INTEGRAL","1 kg",2200.00,4400.00
743,2023-10-06,13:44:00,2,QUINOA,"500 g",600.00,1200.00
744,2023-10-06,18:57:00,3,QUINOA,"1 kg",600.00,1800.00
745,2023-10-07,20:20:00,5,NUECES,"250 g",300.00,1500.00
746,2023-10-07,19:45:00,1,NUECES,"250 g",300.00,300.00
747,2023-10-07,18:01:00,4,"HARINA INTEGRAL","500 g",2200.00,8800.00
748,2023-10-08,12:08:00,3,NUECES,"500 g",300.00,900.00
749,2023-10-08,18:04:00,5,LENTEJAS,"1 kg",300.00,1500.00
750,2023-10-08,10:08:00,3,NUECES,"500 g",300.00,900.00
751,2023-10-09,18:07:00,1,"PIMENTON DULCE","500 g",120.00,120.00
752,2023-10-09,18:17:00,1,"HARINA INTEGRAL","1 kg",2200.00,2200.00
753,2023-10-09,17:13:00,4,"PIMENTON DULCE","250 g",120.00,480.00
754,2023-10-10,14:15:00,5,"ALMOHADITAS FRUTILLA","300 g",400.00,2000.00
755,2023-10-10,18:03:00,5,QUINOA,"1 kg",600.00,3000.00
756,2023-10-10,13:43:00,2,"HARINA INTEGRAL","1 kg",2200.00,4400.00
757,2023-10-11,17:28:00,5,"HARINA INTEGRAL","500 g",2200.00,11000.00
758,2023-10-11,19:15:00,5,"HARINA INTEGRAL","500 g",2200.00,11000.00
759,2023-10-11,13:56:00,1,QUINOA,"1 kg",600.00,600.00
760,2023-10-12,12:33:00,2,NUECES,"250 g",300.00,600.00
761,2023-10-12,19:42:00,5,QUINOA,"500 g",600.00,3000.00
762,2023-10-12,08:48:00,1,NUECES,"300 g",300.00,300.00
763,2023-10-13,20:47:00,4,NUECES,"500 g",300.00,1200.00
764,2023-10-13,16:28:00,3,"PIMENTON DULCE","500 g",120.00,360.00
765,2023-10-13,18:11:00,1,LENTEJAS,"1 kg",300.00,300.00
766,2023-10-14,08:45:00,3,LENTEJAS,"250 g",300.00,900.00
767,2023-10-14,13:13:00,1,LENTEJAS,"1 kg",300.00,300.00
768,2023-10-14,16:04:00,2,LENTEJAS,"250 g",300.00,600.00
769,2023-10-15,11:36:00,1,LENTEJAS,"1 kg",300.00,300.00
770,2023-10-15,20:21:00,4,"ALMOHADITAS FRUTILLA","250 g",400.00,1600.00
771,2023-10-15,12:43:00,3,NUECES,"300 g",300.00,900.00
772,2023-10-16,12:58:00,3,"ALMOHADITAS FRUTILLA","250 g",400.00,1200.00
773,2023-10-16,08:47:00,2,"ALMOHADITAS FRUTILLA","250 g",400.00,800.00
774,2023-10-16,12:32:00,4,QUINOA,"500 g",600.00,2400.00
775,2023-10-17,13:16:00,5,"ALMOHADITAS FRUTILLA","300 g",400.00,2000.00
776,2023-10-17,12:15:00,1,"HARINA INTEGRAL","1 kg",2200.00,2200.00
777,2023-10-17,08:24:00,1,NUECES,"250 g",300.00,300.00
778,2023-10-18,15:40:00,4,"ALMOHADITAS FRUTILLA","300 g",400.00,1600.00
779,2023-10-18,10:40:00,2,"ALMOHADITAS FRUTILLA","250 g",400.00,800.00
780,2023-10-18,10:18:00,5,QUINOA,"1 kg",600.00,3000.00
781,2023-10-19,08:53:00,5,"ALMOHADITAS FRUTILLA","300 g",400.00,2000.00
782,2023-10-19,09:31:00,1,"PIMENTON DULCE","500 g",120.00,120.00
783,2023-10-19,18:12:00,4,QUINOA,"1 kg",600.00,2400.00
784,2023-10-20,15:59:00,3,LENTEJAS,"250 g",300.00,900.00
785,2023-10-20,09:51:00,1,QUINOA,"1 kg",600.00,600.00
786,2023-10-20,12:15:00,4,"ALMOHADITAS FRUTILLA","300 g",400.00,1600.00
787,2023-10-21,10:30:00,2,"HARINA INTEGRAL","1 kg",2200.00,4400.00
788,2023-10-21,18:08:00,2,NUECES,"300 g",300.00,600.00
789,2023-10-21,14:49:00,2,LENTEJAS,"1 kg",300.00,600.00
790,2023-10-22,12:44:00,1,QUINOA,"500 g",600.00,600.00
791,2023-10-22,14:22:00,2,"PIMENTON DULCE","500 g",120.00,240.00
792,2023-10-22,10:16:00,1,NUECES,"300 g",300.00,300.00
793,2023-10-23,08:43:00,2,LENTEJAS,"1 kg",300.00,600.00
794,2023-10-23,17:04:00,5,"ALMOHADITAS FRUTILLA","250 g",400.00,2000.00
795,2023-10-23,14:39:00,5,"ALMOHADITAS FRUTILLA","250 g",400.00,2000.00
796,2023-10-24,19:02:00,1,"PIMENTON DULCE","250 g",120.00,120.00
797,2023-10-24,17:16:00,2,LENTEJAS,"1 kg",300.00,600.00
798,2023-10-24,09:54:00,3,"PIMENTON DULCE","500 g",120.00,360.00
799,2023-10-25,15:31:00,5,QUINOA,"500 g",600.00,3000.00
800,2023-10-25,17:10:00,2,QUINOA,"1 kg",600.00,1200.00
801,2023-10-25,08:26:00,1,"ALMOHADITAS FRUTILLA","300 g",400.00,400.00
802,2023-10-26,16:30:00,1,"ALMOHADITAS FRUTILLA","250 g",400.00,400.00
803,2023-10-26,19:54:00,5,NUECES,"300 g",300.00,1500.00
804,2023-10-26,13:25:00,3,"PIMENTON DULCE","250 g",120.00,360.00
805,2023-10-27,14:51:00,5,QUINOA,"500 g",600.00,3000.00
806,2023-10-27,12:54:00,3,"PIMENTON DULCE","500 g",120.00,360.00
807,2023-10-27,13:57:00,2,"ALMOHADITAS FRUTILLA","250 g",400.00,800.00
808,2023-10-28,16:23:00,2,"PIMENTON DULCE","250 g",120.00,240.00
809,2023-10-28,10:30:00,4,"ALMOHADITAS FRUTILLA","300 g",400.00,1600.00
810,2023-10-28,14:32:00,1,QUINOA,"1 kg",600.00,600.00
811,2023-10-29,15:32:00,2,"PIMENTON DULCE","250 g",120.00,240.00
812,2023-10-29,20:50:00,1,"HARINA INTEGRAL","1 kg",2200.00,2200.00
813,2023-10-29,08:41:00,4,"HARINA INTEGRAL","1 kg",2200.00,8800.00
814,2023-10-30,19:48:00,4,QUINOA,"500 g",600.00,2400.00
815,2023-10-30,11:46:00,1,QUINOA,"500 g",600.00,600.00
816,2023-10-30,15:06:00,2,NUECES,"250 g",300.00,600.00
817,2023-10-31,08:07:00,5,"ALMOHADITAS FRUTILLA","250 g",400.00,2000.00
818,2023-10-31,11:53:00,4,"ALMOHADITAS FRUTILLA","250 g",400.00,1600.00
819,2023-10-31,15:01:00,5,NUECES,"300 g",300.00,1500.00
820,2023-11-01,19:06:00,2,NUECES,"500 g",300.00,600.00
821,2023-11-01,14:50:00,5,"ALMOHADITAS FRUTILLA","300 g",400.00,2000.00
822,2023-11-01,09:14:00,1,"PIMENTON DULCE","250 g",120.00,120.00
823,2023-11-02,19:57:00,2,LENTEJAS,"250 g",300.00,600.00
824,2023-11-02,10:17:00,2,NUECES,"500 g",300.00,600.00
825,2023-11-02,20:02:00,1,"HARINA INTEGRAL","500 g",2200.00,2200.00
826,2023-11-03,17:07:00,5,"HARINA INTEGRAL","500 g",2200.00,11000.00
827,2023-11-03,18:49:00,5,QUINOA,"500 g",600.00,3000.00
828,2023-11-03,12:23:00,4,QUINOA,"1 kg",600.00,2400.00
829,2023-11-04,10:29:00,4,NUECES,"250 g",300.00,1200.00
830,2023-11-04,17:36:00,1,NUECES,"250 g",300.00,300.00
831,2023-11-04,11:59:00,3,NUECES,"300 g",300.00,900.00
832,2023-11-05,10:09:00,5,"ALMOHADITAS FRUTILLA","300 g",400.00,2000.00
833,2023-11-05,17:55:00,2,"ALMOHADITAS FRUTILLA","300 g",400.00,800.00
834,2023-11-05,20:24:00,3,QUINOA,"1 kg",600.00,1800.00
835,2023-11-06,15:09:00,5,QUINOA,"1 kg",600.00,3000.00
836,2023-11-06,19:09:00,5,"PIMENTON DULCE","250 g",120.00,600.00
837,2023-11-06,12:51:00,2,"HARINA INTEGRAL","500 g",2200.00,4400.00
838,2023-11-07,10:53:00,1,"ALMOHADITAS FRUTILLA","250 g",400.00,400.00
839,2023-11-07,19:46:00,1,LENTEJAS,"1 kg",300.00,300.00
840,2023-11-07,16:32:00,3,NUECES,"300 g",300.00,900.00
841,2023-11-08,17:08:00,3,"HARINA INTEGRAL","1 kg",2200.00,6600.00
842,2023-11-08,10:14:00,1,QUINOA,"1 kg",600.00,600.00
843,2023-11-08,19:48:00,3,"HARINA INTEGRAL","1 kg",2200.00,6600.00
844,2023-11-09,08:04:00,4,NUECES,"500 g",300.00,1200.00
845,2023-11-09,19:02:00,3,LENTEJAS,"1 kg",300.00,900.00
846,2023-11-09,16:30:00,5,"PIMENTON DULCE","500 g",120.00,600.00
847,2023-11-10,19:06:00,1,LENTEJAS,"250 g",300.00,300.00
848,2023-11-10,08:52:00,3,QUINOA,"500 g",600.00,1800.00
849,2023-11-10,10:08:00,3,NUECES,"250 g",300.00,900.00
850,2023-11-11,10:21:00,2,LENTEJAS,"1 kg",300.00,600.00
851,2023-11-11,20:32:00,5,"PIMENTON DULCE","500 g",120.00,600.00
852,2023-11-11,09:06:00,1,QUINOA,"500 g",600.00,600.00
853,2023-11-12,08:11:00,5,"PIMENTON DULCE","500 g",120.00,600.00
854,2023-11-12,10:46:00,2,"ALMOHADITAS FRUTILLA","300 g",400.00,800.00
855,2023-11-12,14:50:00,2,NUECES,"250 g",300.00,600.00
856,2023-11-13,12:37:00,3,"HARINA INTEGRAL","1 kg",2200.00,6600.00
857,2023-11-13,18:47:00,3,QUINOA,"1 kg",600.00,1800.00
858,2023-11-13,11:32:00,2,LENTEJAS,"250 g",300.00,600.00
859,2023-11-14,09:56:00,1,QUINOA,"500 g",600.00,600.00
860,2023-11-14,13:55:00,3,"ALMOHADITAS FRUTILLA","250 g",400.00,1200.00
861,2023-11-14,08:13:00,2,NUECES,"300 g",300.00,600.00
862,2023-11-15,17:22:00,1,"PIMENTON DULCE","500 g",120.00,120.00
863,2023-11-15,18:13:00,5,"ALMOHADITAS FRUTILLA","300 g",400.00,2000.00
864,2023-11-15,14:48:00,3,"HARINA INTEGRAL","1 kg",2200.00,6600.00
865,2023-11-16,08:51:00,3,LENTEJAS,"250 g",300.00,900.00
866,2023-11-16,08:34:00,2,"ALMOHADITAS FRUTILLA","300 g",400.00,800.00
867,2023-11-16,09:40:00,1,"HARINA INTEGRAL","500 g",2200.00,2200.00
868,2023-11-17,14:30:00,3,NUECES,"500 g",300.00,900.00
869,2023-11-17,16:53:00,1,"ALMOHADITAS FRUTILLA","300 g",400.00,400.00
870,2023-11-17,15:22:00,3,LENTEJAS,"1 kg",300.00,900.00
871,2023-11-18,18:57:00,4,NUECES,"500 g",300.00,1200.00
872,2023-11-18,08:00:00,3,"PIMENTON DULCE","500 g",120.00,360.00
873,2023-11-18,20:46:00,3,LENTEJAS,"250 g",300.00,900.00
874,2023-11-19,14:23:00,4,"ALMOHADITAS FRUTILLA","300 g",400.00,1600.00
875,2023-11-19,17:45:00,2,QUINOA,"1 kg",600.00,1200.00
876,2023-11-19,14:35:00,4,QUINOA,"500 g",600.00,2400.00
877,2023-11-20,16:24:00,2,LENTEJAS,"250 g",300.00,600.00
878,2023-11-20,19:39:00,4,NUECES,"250 g",300.00,1200.00
879,2023-11-20,14:14:00,4,QUINOA,"500 g",600.00,2400.00
880,2023-11-21,15:06:00,1,"HARINA INTEGRAL","1 kg",2200.00,2200.00
881,2023-11-21,11:45:00,2,NUECES,"250 g",300.00,600.00
882,2023-11-21,13:32:00,1,"PIMENTON DULCE","500 g",120.00,120.00
883,2023-11-22,13:47:00,1,"HARINA INTEGRAL","500 g",2200.00,2200.00
884,2023-11-22,08:58:00,3,"HARINA INTEGRAL","500 g",2200.00,6600.00
885,2023-11-22,11:14:00,4,NUECES,"500 g",300.00,1200.00
886,2023-11-23,08:44:00,1,"ALMOHADITAS FRUTILLA","250 g",400.00,400.00
887,2023-11-23,12:24:00,4,"HARINA INTEGRAL","500 g",2200.00,8800.00
888,2023-11-23,18:37:00,4,"ALMOHADITAS FRUTILLA","250 g",400.00,1600.00
889,2023-11-24,11:28:00,1,"ALMOHADITAS FRUTILLA","250 g",400.00,400.00
890,2023-11-24,13:10:00,2,LENTEJAS,"250 g",300.00,600.00
891,2023-11-24,12:17:00,2,"HARINA INTEGRAL","500 g",2200.00,4400.00
892,2023-11-25,08:18:00,2,LENTEJAS,"1 kg",300.00,600.00
893,2023-11-25,12:43:00,2,LENTEJAS,"1 kg",300.00,600.00
894,2023-11-25,18:25:00,3,"HARINA INTEGRAL","1 kg",2200.00,6600.00
895,2023-11-26,12:24:00,1,"PIMENTON DULCE","500 g",120.00,120.00
896,2023-11-26,17:26:00,3,"HARINA INTEGRAL","1 kg",2200.00,6600.00
897,2023-11-26,09:40:00,2,"ALMOHADITAS FRUTILLA","300 g",400.00,800.00
898,2023-11-27,15:31:00,5,"ALMOHADITAS FRUTILLA","300 g",400.00,2000.00
899,2023-11-27,18:45:00,1,"ALMOHADITAS FRUTILLA","250 g",400.00,400.00
900,2023-11-27,18:32:00,5,LENTEJAS,"1 kg",300.00,1500.00
901,2023-11-28,19:44:00,3,"PIMENTON DULCE","250 g",120.00,360.00
902,2023-11-28,09:27:00,4,NUECES,"500 g",300.00,1200.00
903,2023-11-28,20:29:00,5,"ALMOHADITAS FRUTILLA","300 g",400.00,2000.00
904,2023-11-29,19:35:00,4,LENTEJAS,"1 kg",300.00,1200.00
905,2023-11-29,14:45:00,4,QUINOA,"1 kg",600.00,2400.00
906,2023-11-29,20:05:00,5,"PIMENTON DULCE","250 g",120.00,600.00
907,2023-11-30,11:52:00,4,"HARINA INTEGRAL","1 kg",2200.00,8800.00
908,2023-11-30,08:45:00,3,"PIMENTON DULCE","250 g",120.00,360.00
909,2023-11-30,17:13:00,1,NUECES,"500 g",300.00,300.00
910,2023-12-01,10:18:00,1,QUINOA,"500 g",600.00,600.00
911,2023-12-01,16:35:00,1,QUINOA,"500 g",600.00,600.00
912,2023-12-01,09:32:00,1,"HARINA INTEGRAL","500 g",2200.00,2200.00
913,2023-12-02,20:54:00,5,LENTEJAS,"1 kg",300.00,1500.00
914,2023-12-02,16:17:00,3,"ALMOHADITAS FRUTILLA","300 g",400.00,1200.00
915,2023-12-02,17:44:00,2,NUECES,"250 g",300.00,600.00
916,2023-12-03,14:40:00,2,QUINOA,"500 g",600.00,1200.00
917,2023-12-03,13:24:00,4,"PIMENTON DULCE","500 g",120.00,480.00
918,2023-12-03,11:14:00,1,"ALMOHADITAS FRUTILLA","250 g",400.00,400.00
919,2023-12-04,13:20:00,2,"PIMENTON DULCE","500 g",120.00,240.00
920,2023-12-04,18:36:00,4,"PIMENTON DULCE","500 g",120.00,480.00
921,2023-12-04,13:24:00,4,"PIMENTON DULCE","250 g",120.00,480.00
922,2023-12-05,11:31:00,2,QUINOA,"500 g",600.00,1200.00
923,2023-12-05,08:49:00,4,"PIMENTON DULCE","250 g",120.00,480.00
924,2023-12-05,13:06:00,5,QUINOA,"500 g",600.00,3000.00
925,2023-12-06,16:23:00,5,LENTEJAS,"250 g",300.00,1500.00
926,2023-12-06,12:39:00,3,LENTEJAS,"1 kg",300.00,900.00
927,2023-12-06,09:24:00,2,"HARINA INTEGRAL","500 g",2200.00,4400.00
928,2023-12-07,19:15:00,2,"ALMOHADITAS FRUTILLA","250 g",400.00,800.00
929,2023-12-07,13:47:00,4,"HARINA INTEGRAL","500 g",2200.00,8800.00
930,2023-12-07,08:37:00,2,LENTEJAS,"250 g",300.00,600.00
931,2023-12-08,08:52:00,1,NUECES,"250 g",300.00,300.00
932,2023-12-08,18:56:00,1,QUINOA,"1 kg",600.00,600.00
933,2023-12-08,18:43:00,5,LENTEJAS,"1 kg",300.00,1500.00
934,2023-12-09,19:44:00,3,"PIMENTON DULCE","250 g",120.00,360.00
935,2023-12-09,17:08:00,1,"HARINA INTEGRAL","1 kg",2200.00,2200.00
936,2023-12-09,18:56:00,2,LENTEJAS,"1 kg",300.00,600.00
937,2023-12-10,20:15:00,5,"ALMOHADITAS FRUTILLA","250 g",400.00,2000.00
938,2023-12-10,17:54:00,1,QUINOA,"500 g",600.00,600.00
939,2023-12-10,19:35:00,2,"PIMENTON DULCE","250 g",120.00,240.00
940,2023-12-11,10:17:00,2,"ALMOHADITAS FRUTILLA","300 g",400.00,800.00
941,2023-12-11,11:26:00,5,"PIMENTON DULCE","500 g",120.00,600.00
942,2023-12-11,11:56:00,5,"HARINA INTEGRAL","500 g",2200.00,11000.00
943,2023-12-12,18:41:00,2,QUINOA,"1 kg",600.00,1200.00
944,2023-12-12,16:28:00,5,QUINOA,"500 g",600.00,3000.00
945,2023-12-12,09:34:00,1,LENTEJAS,"250 g",300.00,300.00
946,2023-12-13,16:12:00,3,LENTEJAS,"1 kg",300.00,900.00
947,2023-12-13,15:31:00,1,"HARINA INTEGRAL","1 kg",2200.00,2200.00
948,2023-12-13,20:56:00,3,NUECES,"500 g",300.00,900.00
949,2023-12-14,18:26:00,1,LENTEJAS,"250 g",300.00,300.00
950,2023-12-14,12:31:00,5,NUECES,"250 g",300.00,1500.00
951,2023-12-14,11:09:00,2,QUINOA,"500 g",600.00,1200.00
952,2023-12-15,09:32:00,3,LENTEJAS,"250 g",300.00,900.00
953,2023-12-15,15:56:00,2,LENTEJAS,"250 g",300.00,600.00
954,2023-12-15,10:50:00,2,"PIMENTON DULCE","250 g",120.00,240.00
955,2023-12-16,09:58:00,2,"ALMOHADITAS FRUTILLA","250 g",400.00,800.00
956,2023-12-16,20:02:00,1,"PIMENTON DULCE","500 g",120.00,120.00
957,2023-12-16,16:52:00,5,"ALMOHADITAS FRUTILLA","300 g",400.00,2000.00
958,2023-12-17,13:10:00,5,NUECES,"500 g",300.00,1500.00
959,2023-12-17,11:09:00,3,LENTEJAS,"1 kg",300.00,900.00
960,2023-12-17,20:55:00,5,"ALMOHADITAS FRUTILLA","300 g",400.00,2000.00
961,2023-12-18,15:17:00,5,"ALMOHADITAS FRUTILLA","250 g",400.00,2000.00
962,2023-12-18,20:28:00,1,NUECES,"250 g",300.00,300.00
963,2023-12-18,13:09:00,3,LENTEJAS,"1 kg",300.00,900.00
964,2023-12-19,12:55:00,4,"ALMOHADITAS FRUTILLA","250 g",400.00,1600.00
965,2023-12-19,15:48:00,4,NUECES,"500 g",300.00,1200.00
966,2023-12-19,11:18:00,3,NUECES,"250 g",300.00,900.00
967,2023-12-20,08:31:00,3,NUECES,"300 g",300.00,900.00
968,2023-12-20,18:02:00,4,NUECES,"500 g",300.00,1200.00
969,2023-12-20,20:02:00,4,QUINOA,"1 kg",600.00,2400.00
970,2023-12-21,10:54:00,2,"PIMENTON DULCE","250 g",120.00,240.00
971,2023-12-21,15:14:00,3,LENTEJAS,"1 kg",300.00,900.00
972,2023-12-21,09:29:00,2,NUECES,"500 g",300.00,600.00
973,2023-12-22,08:34:00,1,"PIMENTON DULCE","250 g",120.00,120.00
974,2023-12-22,11:05:00,4,"HARINA INTEGRAL","1 kg",2200.00,8800.00
975,2023-12-22,15:36:00,3,LENTEJAS,"1 kg",300.00,900.00
976,2023-12-23,09:21:00,3,QUINOA,"1 kg",600.00,1800.00
977,2023-12-23,13:31:00,5,QUINOA,"500 g",600.00,3000.00
978,2023-12-23,17:48:00,2,"PIMENTON DULCE","500 g",120.00,240.00
979,2023-12-24,10:37:00,1,NUECES,"250 g",300.00,300.00
980,2023-12-24,19:51:00,3,"PIMENTON DULCE","250 g",120.00,360.00
981,2023-12-24,20:10:00,2,LENTEJAS,"250 g",300.00,600.00
982,2023-12-25,16:50:00,5,QUINOA,"1 kg",600.00,3000.00
983,2023-12-25,12:47:00,5,QUINOA,"1 kg",600.00,3000.00
984,2023-12-25,14:08:00,2,"HARINA INTEGRAL","1 kg",2200.00,4400.00
985,2023-12-26,08:06:00,2,"PIMENTON DULCE","250 g",120.00,240.00
986,2023-12-26,12:51:00,3,LENTEJAS,"1 kg",300.00,900.00
987,2023-12-26,08:03:00,1,"PIMENTON DULCE","500 g",120.00,120.00
988,2023-12-27,12:38:00,1,"HARINA INTEGRAL","1 kg",2200.00,2200.00
989,2023-12-27,20:59:00,5,LENTEJAS,"250 g",300.00,1500.00
990,2023-12-27,20:52:00,1,"HARINA INTEGRAL","500 g",2200.00,2200.00
991,2023-12-28,16:27:00,3,"PIMENTON DULCE","500 g",120.00,360.00
992,2023-12-28,19:47:00,2,NUECES,"500 g",300.00,600.00
993,2023-12-28,08:58:00,5,NUECES,"250 g",300.00,1500.00
994,2023-12-29,16:42:00,2,"ALMOHADITAS FRUTILLA","300 g",400.00,800.00
995,2023-12-29,14:08:00,5,"HARINA INTEGRAL","500 g",2200.00,11000.00
996,2023-12-29,14:50:00,3,LENTEJAS,"250 g",300.00,900.00
997,2023-12-30,19:54:00,1,QUINOA,"1 kg",600.00,600.00
998,2023-12-30,20:08:00,4,LENTEJAS,"250 g",300.00,1200.00
999,2023-12-30,11:20:00,5,LENTEJAS,"1 kg",300.00,1500.00
1000,2023-12-31,14:53:00,2,NUECES,"250 g",300.00,600.00
